Product_ID,Product_Name,Product_Category,Product_Subcategory,Unit_Price,Cost_Price,Product_Line,Launch_Date,Status,Supplier,Product_Manager,Description
PROD001,Enterprise Analytics Platform,Software,Business Intelligence,12500,8750,Analytics Suite,2022-01-15,Active,Internal Development,Sophie Johnson,Advanced analytics platform for large enterprises
PROD002,Cloud Integration Hub,Software,Integration,17000,11900,Cloud Solutions,2022-03-20,Active,Internal Development,Peter Williams,Seamless cloud integration solution
PROD003,Security Shield Pro,Software,Cybersecurity,11875,8313,Security Suite,2021-11-10,Active,Internal Development,Thomas Brown,Enterprise-grade security solution
PROD004,Mobile Workforce App,Software,Mobile Solutions,9167,6417,Mobile Suite,2023-02-28,Active,Internal Development,Anthony Davis,Mobile productivity application
PROD005,Data Lake Manager,Software,Data Management,9000,6300,Data Suite,2022-07-12,Active,Internal Development,Caroline Adams,Comprehensive data lake management
PROD006,AI Assistant Pro,Software,Artificial Intelligence,13000,9100,AI Suite,2023-05-18,Active,Internal Development,Caroline Adams,AI-powered business assistant
PROD007,Workflow Optimizer,Software,Process Management,12000,8400,Productivity Suite,2022-09-05,Active,Internal Development,Michael Wilson,Business process optimization tool
PROD008,Customer 360 View,Software,CRM,8056,5639,CRM Suite,2021-12-22,Active,Internal Development,Mary Martin,Complete customer relationship management
PROD009,Financial Dashboard,Software,Finance,9583,6708,Finance Suite,2022-04-30,Active,Internal Development,David Taylor,Real-time financial reporting dashboard
PROD010,Supply Chain Tracker,Software,Logistics,9143,6400,Operations Suite,2023-01-25,Active,Internal Development,Isabella Garcia,End-to-end supply chain visibility
PROD011,HR Analytics Portal,Software,Human Resources,9000,6300,HR Suite,2022-11-15,Active,Internal Development,Catherine Moore,Human resources analytics platform
PROD012,Marketing Automation,Software,Marketing,8875,6213,Marketing Suite,2023-03-08,Active,Internal Development,Sophie Johnson,Automated marketing campaign management
PROD013,Compliance Monitor,Software,Compliance,12667,8867,Legal Suite,2022-06-20,Active,Internal Development,Nicholas Thompson,Regulatory compliance monitoring
PROD014,Project Management Pro,Software,Project Management,8667,6067,Project Suite,2023-04-12,Active,Internal Development,Frank White,Advanced project management solution
PROD015,Quality Assurance Hub,Software,Quality Management,9333,6533,Quality Suite,2022-08-18,Active,Internal Development,Frank White,Quality management and tracking
PROD016,Innovation Lab,Software,R&D,11000,7700,Innovation Suite,2023-06-01,Active,Internal Development,Caroline Adams,Research and development platform
PROD017,Contract Manager,Software,Legal Tech,8706,6094,Legal Suite,2022-10-25,Active,Internal Development,Nicholas Thompson,Contract lifecycle management
PROD018,Asset Tracker Pro,Software,Asset Management,11857,8300,Operations Suite,2023-07-14,Active,Internal Development,Isabella Garcia,Comprehensive asset tracking
PROD019,Sales Accelerator,Software,Sales,10778,7545,Sales Suite,2022-12-08,Active,Internal Development,Mary Martin,Sales performance optimization
PROD020,Training Portal,Software,Learning Management,11125,7788,HR Suite,2023-08-22,Active,Internal Development,Catherine Moore,Employee training and development
PROD021,Risk Assessment Tool,Software,Risk Management,10556,7389,Finance Suite,2022-05-17,Active,Internal Development,David Taylor,Enterprise risk assessment
PROD022,Performance Monitor,Software,Performance Management,9917,6942,Analytics Suite,2023-09-10,Active,Internal Development,Thomas Brown,System performance monitoring
PROD023,Vendor Management,Software,Procurement,9167,6417,Operations Suite,2022-02-14,Active,Internal Development,Isabella Garcia,Vendor relationship management
PROD024,Communication Hub,Software,Collaboration,11286,7900,Productivity Suite,2023-10-05,Active,Internal Development,Michael Wilson,Internal communication platform
PROD025,Budget Planner Pro,Software,Financial Planning,11000,7700,Finance Suite,2022-09-28,Active,Internal Development,David Taylor,Advanced budget planning tool
PROD026,Inventory Optimizer,Software,Inventory Management,10222,7155,Operations Suite,2023-11-12,Active,Internal Development,Isabella Garcia,Inventory optimization solution
PROD027,Customer Support AI,Software,Customer Service,10250,7175,Customer Suite,2022-07-04,Active,Internal Development,Mary Martin,AI-powered customer support
PROD028,Document Manager,Software,Document Management,9313,6519,Productivity Suite,2023-12-20,Active,Internal Development,Nicholas Thompson,Enterprise document management
PROD029,Business Intelligence,Software,Analytics,10364,7255,Analytics Suite,2022-03-15,Active,Internal Development,Sophie Johnson,Business intelligence platform
PROD030,Fleet Management,Software,Transportation,9000,6300,Operations Suite,2023-01-08,Active,Internal Development,Isabella Garcia,Fleet tracking and management
PROD031,Revenue Optimizer,Software,Revenue Management,12000,8400,Finance Suite,2022-11-30,Active,Internal Development,David Taylor,Revenue optimization platform
PROD032,Social Media Manager,Software,Social Media,10200,7140,Marketing Suite,2023-04-25,Active,Internal Development,Anthony Davis,Social media management tool
PROD033,Predictive Analytics,Software,Machine Learning,11125,7788,AI Suite,2022-08-12,Active,Internal Development,Caroline Adams,Predictive analytics platform
PROD034,Energy Management,Software,Sustainability,10444,7311,Operations Suite,2023-05-30,Active,Internal Development,Isabella Garcia,Energy consumption monitoring
PROD035,Talent Acquisition,Software,Recruitment,10875,7613,HR Suite,2022-12-15,Active,Internal Development,Michael Wilson,Talent acquisition platform
PROD036,Market Research Tool,Software,Market Intelligence,10111,7078,Marketing Suite,2023-07-08,Active,Internal Development,Sophie Johnson,Market research and analysis
PROD037,Digital Signature,Software,Digital Services,11857,8300,Legal Suite,2022-04-18,Active,Internal Development,Nicholas Thompson,Digital signature solution
PROD038,Knowledge Base,Software,Knowledge Management,10667,7467,Productivity Suite,2023-08-16,Active,Internal Development,Catherine Moore,Enterprise knowledge management
PROD039,Fraud Detection,Software,Security,11000,7700,Security Suite,2022-06-03,Active,Internal Development,Thomas Brown,Advanced fraud detection system
PROD040,Environmental Monitor,Software,Environmental,9647,6753,Sustainability Suite,2023-09-27,Active,Internal Development,Frank White,Environmental impact monitoring
PROD041,Crisis Management,Software,Emergency Response,10750,7525,Operations Suite,2022-10-11,Active,Internal Development,Michael Wilson,Crisis response and management
PROD042,Global Expansion,Software,International Business,9667,6767,Business Suite,2023-11-04,Active,Internal Development,Mary Martin,International market expansion
PROD043,Partnership Portal,Software,Partner Management,10500,7350,Business Suite,2022-01-27,Active,Internal Development,Peter Williams,Partner relationship management
PROD044,Future Vision,Software,Strategic Planning,9316,6521,Planning Suite,2023-12-12,Active,Internal Development,Sophie Johnson,Strategic planning and forecasting